id,valor
1,7.58993794824011
2,18.24246198770004
3,3.1583411103701886
4,11.238162102773625
5,22.331864297378484
6,13.246218601942587
7,4.600146375697806
8,3.0433155078227005
9,18.493924234224295
10,12.616549588415129
11,12.869787504493459
12,11.13039320026313
13,7.61206889372543
14,19.02414965752344
15,15.644467907730954
16,10.18978873328744
17,8.014113591723309
18,9.323406881984626
19,5.531078161652124
20,10.026035968021366
21,3.167158015335083
22,4.9772668597464795
23,5.08373904924667
24,8.780514885582932
25,8.909215794109885
26,9.786244654145184
27,15.617358989692413
28,14.720652890050513
29,13.838973695210555
30,10.1553961811191
31,12.169832406655583
32,4.767130612624948
33,9.365489367164365
34,9.600094742244174
35,18.374049042861856
36,5.142598377510733
37,12.887564690637367
38,6.11421380732601
39,10.037305075844136
40,8.21472966812352
41,10.26076856228363
42,12.106319649980403
43,5.437901789453432
44,3.6066228811059364
45,5.353041469571728
46,11.746942119537364
47,12.738815915121972
48,7.869963250343419
49,26.03300720808891
50,4.346333539506723
51,12.272647501926087
52,13.16624014779394
53,10.799592570753122
54,16.31414628739226
55,25.158207174915617
56,7.924928120111645
57,6.052888172178671
58,6.896844883202403
59,14.263354291416599
60,10.46524115313192
61,4.766352631924506
62,6.566437238335961
63,10.532376332505892
64,12.773711628899393
65,8.522717375469364
66,6.629866359341094
67,12.444681107810114
68,17.558285559052973
69,13.084487257121637
70,8.750387061956388
71,11.690206147021108
72,7.93521154679216
73,11.882623171217613
74,7.271585418825938
75,19.005589892502705
76,8.05945906042714
77,20.863427304392893
78,9.218801009919714
79,11.5561948402308
80,22.856103881778527
81,10.712559454219607
82,18.139139411187255
83,7.599197227832423
84,10.24880314328972
85,13.190261628779552
86,13.665152781694276
87,9.247421931375463
88,7.519141276634566
89,13.402287347295882
90,9.06150676614806
91,13.617503584699252
92,12.258239063812578
93,11.10148176217268
94,7.211924588719571
95,16.591956575315198
96,15.83932950533008
97,12.982033669047336
98,12.494679020207464
99,14.114219479848417
100,23.629961517080755
101,14.15619107003883
102,6.64014923019488
103,10.942112603522368
104,5.795469168299332
105,17.708459347450884
106,18.203452152195055
107,21.77397665088549
108,11.611124052438555
109,8.412372361515075
110,17.809557280096904
111,3.9022799964026422
112,14.324157842178188
113,10.033072481021804
114,14.808130753598533
115,9.079980883062227
116,9.07061261395292
117,3.4350891053893857
118,4.554235701905763
119,14.715845427542153
120,25.594675367078707
121,4.5188949531921905
122,1.4561038629899516
123,12.447251265246921
124,5.603117860575601
125,10.391852543861678
126,13.897488829363091
127,8.51372563594094
128,6.877026677439647
129,17.23947951931143
130,5.437087947949388
131,19.870435920427635
132,14.376654146992212
133,7.960320742716498
134,12.632282745695289
135,24.82243722573822
136,4.929379381593617
137,10.309668445936522
138,8.968087980249663
139,5.249642070216327
140,5.712124633285225
141,13.092896509776706
142,8.085005034204114
143,6.195300473487691
144,8.629283610034866
145,10.846549498317705
146,17.65335446324448
147,10.980972179443976
148,15.158564206254098
149,7.884699892494181
150,14.855959227573733
151,15.038369984027574
152,19.564411091938794
153,7.5147869789757555
154,24.700978299171346
155,14.142108229219705
156,4.651516915693067
157,4.561288750441017
158,26.46686768879224
159,19.157720427188927
160,9.064603485886128
161,4.1532517969840885
162,7.997179261723442
163,10.471164415150799
164,21.80981677934191
165,10.198957178745959
166,12.678160327203408
167,8.06569739941241
168,7.80334034055496
169,17.52214196027423
170,11.418464067893115
171,31.200188391452713
172,12.168269686490241
173,10.318329357060387
174,7.525666003261597
175,5.7531786866710215
176,14.846840745249033
177,8.558163454401921
178,8.446053959602203
179,6.860424470195971
180,14.575174077584467
181,5.031285661392701
182,9.999200757891488
183,7.3532900126835194
184,7.523693249297757
185,16.320175700556682
186,14.75053079630003
187,9.731651625633823
188,6.571736805715759
189,16.10646276892966
190,13.426778678685636
191,4.858935601558459
192,9.519120023998088
193,3.862967316648203
194,4.254788033393307
195,3.283326837702791
196,8.497742248989866
197,4.094086291211374
198,11.014053404727694
199,21.388030945643674
200,10.008812375248754
201,9.067470887326651
202,9.871883187708828
203,16.136317057922604
204,8.647862297778197
205,10.766321252888751
206,19.06523443090357
207,27.31353220650638
208,20.982032502061085
209,9.765988950620095
210,14.401576968711105
211,16.517245340949454
212,7.406640789457262
213,16.597019892469373
214,14.691886693513979
215,4.129135017151166
216,8.925512111530757
217,11.503994709417338
218,10.922585852660685
219,13.04057509235347
220,10.638944638723023
221,3.2266741265867447
222,6.324431893324938
223,9.061962040463577
224,18.322712011925358
225,19.191036458251297
226,9.444511792420249
227,9.306570098765068
228,10.360659503931155
229,17.25004954220875
230,17.911493959130116
231,7.50907085150068
232,11.705221611655992
233,21.891226554110144
234,18.686842956995893
235,6.869391720055647
236,8.018423260934185
237,5.4236220229151115
238,8.776542026634779
239,2.238054565356505
240,15.322951808174679
241,14.728898774199154
242,3.1126129385131556
243,15.176918859960718
244,24.11011120553419
245,16.965976356367165
246,14.213786338919506
247,6.613035112050779
248,16.238146503855848
249,11.874853950086065
250,18.44945905949018
251,4.330385392537503
252,4.219366835501688
253,14.68814317774766
254,10.161412108728658
255,17.356250362043284
256,3.485502488223966
257,16.98760287036798
258,4.889212112466084
259,19.33393824430544
260,14.880929277416639
261,11.774308578630688
262,6.338604439840475
263,14.29545099829739
264,16.5721728196031
265,21.973090146978535
266,10.81674654156691
267,10.210278864067124
268,12.523093033805548
269,5.313897070543317
270,5.744905775114351
271,8.527009851047081
272,24.6369974116871
273,8.807347592629801
274,12.4576439981589
275,12.9361006371009
276,10.315403556786299
277,37.031007714399856
278,14.472852745893793
279,12.092721688867972
280,17.03843069574627
281,15.590527488770233
282,9.355548627787766
283,20.1050189705149
284,7.981546343098012
285,8.071846003031986
286,5.459934948314899
287,8.057341178707405
288,3.8234809382239603
289,7.452161797892305
290,3.891619623457986
291,10.419853369311236
292,6.365638113728378
293,11.594805678604871
294,11.503546456248946
295,5.4135272541965005
296,12.831416434905812
297,16.08520579667765
298,15.941665874193536
299,7.0669047864667665
300,12.532342533639005
301,7.1824664377533285
302,12.847786593331776
303,9.962724495015587
304,7.527629502332527
305,11.1080472863539
306,10.351775358208512
307,4.616425881842533
308,7.188828959533275
309,4.9652697617148895
310,23.543905148477123
311,10.190150491414032
312,3.279558419378298
313,18.284658055129213
314,5.297739026995177
315,11.814418959765746
316,13.44434272163489
317,12.057021991907046
318,14.4864588296326
319,9.822592409958416
320,14.299528591970027
321,15.098580427809647
322,14.042178181096498
323,11.544292069453089
324,12.895395540695493
325,4.480639129845
326,12.169082279304728
327,11.220912769377726
328,18.854576658622612
329,6.85476361716243
330,14.150244799259646
331,13.932735987937491
332,9.615843755044533
333,3.9783775047956924
334,3.0534326997242958
335,12.251479504936176
336,5.614358706622552
337,11.188303910469752
338,5.823767312290524
339,17.470837838634807
340,1.7252152120753763
341,12.475101409046186
342,19.922249111877356
343,5.464153507758042
344,9.408088079748765
345,6.656541426702264
346,13.107285238546707
347,16.04269268532598
348,28.101232667614262
349,11.109018889913822
350,11.71772407498312
351,10.659803276537032
352,19.070920154303913
353,24.174910763427956
354,11.834221843696232
355,8.908769546656838
356,3.038596536853871
357,13.61172978498902
358,8.421762060061372
359,15.39485310049257
360,6.371071374759444
361,22.407208017848294
362,10.868859315866992
363,17.763285634694128
364,24.513722272402937
365,8.979609683344655
366,5.690898839814771
367,9.333056759312514
368,19.36306921288883
369,9.261006380154893
370,9.801088241482153
371,19.277702202049213
372,11.191936316472447
373,14.881925728444738
374,15.32630828504961
375,16.261759851984454
376,7.523665397529211
377,34.822602807040056
378,19.01901777691108
379,5.273497500045314
380,9.576818994680382
381,11.545416138392932
382,11.44554646043612
383,12.643023243523189
384,13.827636091133419
385,7.393591028696618
386,17.229037693089772
387,10.191049742981532
388,3.738011544642548
389,8.325383450208474
390,2.0939459382179377
391,12.632287512219142
392,7.472659512716762
393,11.748194573046167
394,16.03688202618288
395,11.685615882416176
396,7.325257273844461
397,11.118256305931231
398,5.135053701902886
399,5.475509919488985
400,9.775477782031299
401,9.901072928806203
402,26.98739624153215
403,18.587850989510482
404,11.295195947500897
405,12.928907509189358
406,7.599573945288518
407,5.877686959585118
408,4.040600643786981
409,5.23738982498074
410,15.476218416755392
411,18.05833002801964
412,12.610655823143926
413,7.362237687178341
414,8.522572009321117
415,8.034188622874382
416,7.3690581244688005
417,15.925410562959822
418,15.910113439667066
419,4.850270364101664
420,14.776258218272734
421,12.357329889398493
422,6.3062863829860625
423,6.568782825052725
424,10.918149908928763
425,20.883897991194395
426,12.951594487124899
427,16.43680417856624
428,9.007473303123154
429,9.422038739633273
430,11.49183017777228
431,6.195137985160541
432,5.283092238415841
433,11.488383489977018
434,11.435560964347715
435,16.257447699032817
436,11.479579923998603
437,14.677895244890895
438,7.595993584480684
439,16.58810324855528
440,3.9165750398837194
441,9.202438710468776
442,8.152040594067229
443,11.956341408047628
444,19.812637887249565
445,8.746875000682909
446,10.646998067654156
447,8.799209595437489
448,6.932016111209899
449,13.485206213262938
450,5.478444304524842
451,9.150799586231368
452,6.562951284302528
453,9.088936619860057
454,21.16696988903183
455,15.477690816509856
456,11.88154185867398
457,11.291726833691891
458,14.971850382347931
459,6.232303691984907
460,23.53317513041575
461,17.39300561218185
462,10.34707642409727
463,27.199138106847684
464,5.6206239226278205
465,9.350564015437168
466,10.61109768343981
467,16.099581015707102
468,15.808655117785392
469,21.487441666342278
470,10.812663740499781
471,18.355006230194437
472,22.019995267771524
473,8.110474692428864
474,3.078669416978401
475,20.9743222564795
476,4.059017110110134
477,9.673083865049598
478,11.523903759553743
479,6.162194929136254
480,10.651388510104436
481,17.962499216887537
482,11.456226501051638
483,11.284144206285667
484,12.334500502790517
485,9.020572869439093
486,12.076466289018246
487,11.401713527827507
488,14.331651075768853
489,8.396081526537017
490,10.873138404206387
491,17.064736543466307
492,7.8091625325442315
493,16.79123471258999
494,2.4385197049340652
495,16.726369755958157
496,11.292252701821145
497,5.2489545944615905
498,6.366287902061007
499,6.864142556376276
500,15.259876374907169
501,11.188465422577476
502,15.906631278230513
503,19.67748384579089
504,24.435138060601176
505,10.341237859826117
506,12.632461485677576
507,8.043938759726244
508,9.646225534193857
509,14.580770023739788
510,10.99533300939845
511,9.896008523333807
512,12.851592676319724
513,7.6389365341918865
514,11.930587162728845
515,14.648000051020585
516,11.748217811360066
517,5.975736655792875
518,9.201303853806312
519,16.360473197113162
520,21.98926941931312
521,12.163584594394493
522,8.512999492979255
523,18.252780719952845
524,6.538802140241087
525,6.835098692533431
526,9.608194774270652
527,15.800468326431012
528,10.026604637039167
529,6.810607680559919
530,10.45950216408432
531,11.177634679167245
532,4.23741109212371
533,19.97185247319992
534,5.676677381192041
535,11.808662823364783
536,15.118314180585898
537,17.299824691027293
538,9.339370291202243
539,4.525323413835763
540,20.148543036570207
541,17.763790406686024
542,15.705236666507377
543,8.949227312071626
544,17.493044681469936
545,10.731002853743588
546,12.169751949590188
547,10.476926252282306
548,3.6708589570909007
549,7.345700660542125
550,13.903157704536206
551,11.590063845863392
552,6.789674239417582
553,4.918444167548412
554,16.027960869201266
555,2.4246204912901037
556,5.269335617036659
557,13.652725336432177
558,14.281346887619941
559,9.964361907546046
560,37.234452045759724
561,16.488367976298196
562,4.786476510651765
563,28.132897633155054
564,14.560111116367425
565,11.696179067441545
566,1.7580265007314435
567,14.961429665768495
568,16.05678715599991
569,6.319451930440829
570,20.90949368426566
571,9.893279615477823
572,11.314638416161124
573,9.582898600207342
574,9.835162339924345
575,6.654852791101446
576,11.051041499429989
577,7.055854946427049
578,20.510715181427948
579,3.2252650347764904
580,11.25933291654115
581,7.446027598325065
582,12.128051291609502
583,23.684265639762167
584,10.477222005791928
585,8.01849068347769
586,8.992122283476906
587,7.934618722253003
588,10.515112344966695
589,4.93428496957743
590,17.605443818997298
591,19.221578682687518
592,5.998575464636218
593,12.404775665456558
594,9.002885343509885
595,15.598521156210795
596,12.792814695111911
597,8.146339403486625
598,5.964026143977383
599,12.594838680000976
600,7.131659942604049
601,20.022947063404214
602,11.324360027462816
603,10.079844651444333
604,9.035304126627128
605,9.630369716990517
606,2.328758630043602
607,10.068585087341475
608,6.101436568415984
609,15.616850412767961
610,9.438593673792937
611,18.592687004049054
612,7.163823248905043
613,4.735137454232802
614,21.292112850003676
615,21.029518799114364
616,17.934837546565852
617,4.532759977381176
618,8.534389014212802
619,10.804015931606752
620,18.32468206101935
621,15.378510999255436
622,2.8730997861868928
623,15.398267579006388
624,20.73609020145599
625,9.451249736401799
626,11.346841168905993
627,14.529065608090347
628,12.883132858083155
629,12.500879428271878
630,7.552366094782197
631,30.97508464465201
632,8.084882864773798
633,11.920620554744268
634,21.98895000512813
635,4.171407862780134
636,17.186261436842734
637,21.524715656871972
638,10.334004299755627
639,4.212330562873362
640,16.97972666765578
641,5.013568876042877
642,12.211530635543827
643,3.6872374329484745
644,8.622836070680014
645,10.678907930044032
646,4.740423966197951
647,11.314766770504235
648,4.149541410579436
649,12.867756713317371
650,6.2632346606722855
651,2.6548336046795424
652,11.989392356955127
653,15.988536350333433
654,17.18610078870038
655,23.572722736963428
656,28.51136081116806
657,20.478892904970667
658,24.302378828314993
659,15.453647694988785
660,23.393529059797373
661,18.66071625740578
662,9.77289713734171
663,11.328238521239797
664,13.757691113695579
665,13.223793454000287
666,5.481791032044114
667,9.914358473463505
668,12.835786686633156
669,5.676618736222627
670,12.17903068408581
671,3.8507964594393433
672,13.244170830998932
673,6.934181532380105
674,16.712913441654837
675,8.206053605271222
676,11.911305132936015
677,5.579618988638226
678,13.111954050755614
679,3.297432813879336
680,17.46969340509501
681,7.287187145023445
682,13.454499878161716
683,10.02557978483853
684,12.0121163219628
685,29.929382063148392
686,4.9012652229861775
687,18.18927135773756
688,18.1831721049256
689,15.051991283500087
690,10.510442872548614
691,6.432248977410931
692,12.944447050676871
693,21.346887524166668
694,8.304898582847265
695,15.19781273297134
696,17.589067270542152
697,19.198740277135624
698,9.970915637746117
699,11.657330837485185
700,8.248197750750911
701,11.58609500091204
702,4.317891598682974
703,6.66215716940733
704,10.438096941718197
705,16.18807160233394
706,8.715279796868382
707,9.330605533532273
708,8.416680352195463
709,8.5768312254939
710,15.385937154398071
711,9.015885815274627
712,11.089722483047332
713,7.110412189874575
714,11.335512407591247
715,16.39201235154446
716,11.010063476618074
717,7.398323064825154
718,11.394710187106444
719,11.852203906161598
720,12.590562432699658
721,3.370161256188407
722,12.42195330675201
723,4.14784952100631
724,16.54651898363408
725,15.362341119099206
726,27.372768558795137
727,11.397910205055263
728,10.763929289617302
729,11.049083266837453
730,10.895212495023754
731,8.971945131874483
732,15.901968932053672
733,14.727176670156554
734,7.609097415984419
735,25.12524555441465
736,7.165914023020672
737,6.492155986129983
738,10.138770878156873
739,11.337842869827185
740,27.422111343943875
741,5.136727612420916
742,8.57938565117808
743,20.70380322612396
744,6.625356866301216
745,11.105401845217465
746,12.738429515795715
747,8.06158093912429
748,14.635198281970812
749,5.336470236763062
750,5.276600033951215
751,12.331576320427907
752,10.00108711124836
753,5.601666011613256
754,7.771667220869228
755,9.786816545991192
756,5.474396662660165
757,12.226338748887407
758,23.85403538476842
759,28.439473801119416
760,14.697788042283811
761,8.141276567953312
762,9.643290967825797
763,4.773940763717727
764,11.62221092107609
765,14.204901956864859
766,11.62795728571072
767,6.657245853381952
768,12.164038600007718
769,22.6125262294854
770,9.599241282992594
771,14.891213880701066
772,19.220518962930115
773,6.303817634246611
774,11.821951548477813
775,21.831174680500133
776,19.945474173482467
777,12.98924204290822
778,14.937961330102965
779,4.856708209369442
780,16.719234017731587
781,28.693629084576788
782,5.088597696560711
783,9.130093709252824
784,10.810454159682887
785,23.217288474792532
786,5.545985394465427
787,4.711774211473011
788,9.087107756792545
789,7.974743519080253
790,4.422139996643137
791,14.470805897130155
792,9.34045618559794
793,12.442557516787026
794,9.461519698047557
795,13.996421753650079
796,6.36355823322752
797,14.038060315116876
798,6.461569374756895
799,6.610757751132601
800,13.863555259513628
801,20.464430356385684
802,7.341430249081834
803,2.3611303192836255
804,9.607866260048997
805,8.839080321399207
806,13.226499603293739
807,10.104596456251521
808,10.71796619279997
809,6.005142440835321
810,5.5329610832824105
811,8.956326763571258
812,8.121642112269354
813,5.678564067766616
814,9.915903652026472
815,9.157686166817648
816,12.449812750021383
817,11.834322004017526
818,3.1512445700887577
819,9.625418050203146
820,6.092455611927735
821,3.308970099486187
822,2.979889137655592
823,12.95820461809684
824,10.023646030134785
825,16.985394276613917
826,7.257291967907532
827,5.861420605501517
828,17.15265537021217
829,13.39276523935995
830,9.170569247532981
831,13.963019953414648
832,2.0463707989799103
833,4.109754101864897
834,7.523068389136066
835,5.697140956082533
836,4.605830487302951
837,11.424376104844892
838,7.28549974099038
839,8.076329508173707
840,17.275115560774744
841,15.641795416075109
842,10.109731315022854
843,10.028450788720907
844,19.208184495063485
845,23.61657098943609
846,17.710019192571657
847,15.304774637767181
848,7.616165301701123
849,10.221044326624648
850,6.854821225924271
851,3.5422054914738554
852,17.509961392634025
853,9.355766897908413
854,6.968837776017764
855,2.6194238399273946
856,21.23320801322943
857,9.637907411175284
858,18.78238450857194
859,10.546266259042005
860,5.832045233874714
861,12.190903923667168
862,6.7274219177800685
863,9.422065765992125
864,7.646580558625584
865,17.351490901231273
866,18.68259554966203
867,12.301570935570584
868,6.1542668171917825
869,19.82580968523079
870,11.16958784921601
871,8.72164598949705
872,16.22059442353133
873,12.999810738532043
874,11.767920785687426
875,10.902080739993895
876,13.621369694847502
877,6.774630188774994
878,7.166381982547605
879,6.478529735564873
880,15.209762189475018
881,4.512690219261298
882,19.942586941363253
883,5.598220845449838
884,5.815025537075234
885,8.657814878077557
886,15.256190018579824
887,7.516706872429977
888,3.754749192968114
889,6.589131807563671
890,13.90619081933021
891,18.742368599217343
892,7.240387597585407
893,14.182660083472282
894,18.082148063451
895,6.391103700257872
896,7.020336159474564
897,38.72396224649908
898,15.617788741580554
899,13.848697257571141
900,23.461116081807187
901,12.697258430620547
902,14.267060501510596
903,6.6788510001821795
904,7.9346664135237415
905,14.335113953257657
906,17.556998203581234
907,5.685142415197774
908,4.554051535782207
909,12.217037233213926
910,11.663363777590524
911,8.239238792557114
912,10.440095297732555
913,9.74983363584147
914,9.00029991671066
915,18.824336671197095
916,15.706132392717212
917,6.971996213887884
918,27.58045532596332
919,26.979884766571466
920,7.113818258670097
921,6.260311556288899
922,6.294819302569878
923,2.7554761056347656
924,35.05123148914643
925,8.263963553597073
926,5.812070316174176
927,6.820167306797123
928,7.120742344127647
929,6.560164053227014
930,13.782518098238732
931,7.233376083972739
932,13.805857294542367
933,19.86362452568028
934,12.784873626583526
935,17.2322154106132
936,14.287056647880835
937,13.074708383719631
938,12.77868943013289
939,18.998170978735764
940,5.628224050932991
941,6.874208868847212
942,9.838987637888986
943,8.177591109366478
944,15.153448042142546
945,9.07751230121541
946,4.03661030875987
947,17.31367766064799
948,13.027154142651952
949,20.082867601817984
950,10.457181912414274
951,18.991559584353876
952,5.5532464844096445
953,12.956484451378941
954,8.98791455912823
955,6.229750788809206
956,10.776180811135891
957,16.461088497606692
958,9.895421842859237
959,6.799679716973589
960,9.737941986516137
961,16.633501846164815
962,7.889430994963362
963,10.09710899098654
964,9.86742877013738
965,27.320636133073158
966,4.490282038606051
967,10.28527097435552
968,16.266553201412755
969,8.915974727917368
970,12.402211162797826
971,6.182325884242829
972,15.218778937635667
973,7.720459488506922
974,8.772563257600147
975,5.626309731626067
976,13.019524006852095
977,14.454106199733816
978,4.769785562412692
979,14.426487391248326
980,11.762214286570067
981,20.802507483197854
982,5.539055841647764
983,14.907601399536578
984,6.713997746567859
985,3.138475577742267
986,7.0343869421035725
987,4.502468748431632
988,12.619892985655166
989,7.479808011456566
990,5.947403400459119
991,38.14936977026735
992,11.696766987765905
993,15.811156483600413
994,18.497488674264098
995,6.930529482970181
996,13.820659447909454
997,12.89454892351722
998,7.384456892352186
999,8.931747396905628
1000,11.10266700404594
1001,5.074991018254949
1002,15.72740427624207
1003,3.9611700443440343
1004,17.24778873339868
1005,9.730408688808508
1006,20.292663962179763
1007,7.48729212391312
1008,21.055690687221123
1009,27.18697961873019
1010,8.018943273822764
1011,12.914407422173245
1012,6.214982928631745
1013,26.35646704484003
1014,14.10702995592462
1015,12.450665562466178
1016,19.821519903299553
1017,17.313768899302747
1018,9.358089174191928
1019,10.479915182899726
1020,19.251013809313577
1021,7.730608272233226
1022,23.87237729839496
1023,11.126501179426128
1024,17.875766765227375
1025,15.25330729898047
1026,4.967430558759414
1027,15.22164317058984
1028,9.485342353278396
1029,13.264379534281485
1030,13.348525563180377
1031,7.923103969662855
1032,1.8395275490655594
1033,4.041805425629158
1034,10.907684727376152
1035,4.906443592014323
1036,7.631055702238218
1037,19.951408458027636
1038,9.964948709440565
1039,13.001311989245504
1040,13.130158680571373
1041,13.860426111173735
1042,14.394961954313668
1043,2.357635660163245
1044,9.17231343343339
1045,14.961101798997403
1046,4.892843313565257
1047,14.267359371962327
1048,24.77689407747051
1049,11.72320919444689
1050,1.449038137209453
1051,4.759980553246776
1052,10.019000270543707
1053,11.46371954642999
1054,7.563079081866128
1055,11.322928843654037
1056,3.940665940997179
1057,8.217056561946691
1058,21.48935503394874
1059,8.94980045852027
1060,19.55595584036576
1061,3.1214374119018884
1062,13.85539052725783
1063,8.948896871090183
1064,4.963127204707079
1065,6.546883927576191
1066,12.03280278882972
1067,13.547781402327065
1068,9.857094340779085
1069,10.67838450743486
1070,17.102314625726454
1071,9.206274407425136
1072,12.206174484993706
1073,14.588779246131304
1074,7.42997155959581
1075,7.358504329213913
1076,15.797633759153433
1077,9.945614881100818
1078,14.540067992188368
1079,6.422766821985627
1080,13.356448974230666
1081,12.825056657517036
1082,20.322446774049112
1083,22.280110687279556
1084,13.547931951026769
1085,12.109251439905748
1086,19.81140497759725
1087,3.1021645341523554
1088,35.62240669762108
1089,12.870627138121911
1090,4.111733683202316
1091,13.966570907041607
1092,15.810393691563066
1093,19.324643962896157
1094,7.877760743901
1095,9.60564993109903
1096,19.591810321839397
1097,15.216596521020199
1098,12.996706352389152
1099,6.192464367424305
1100,6.856838121220235
1101,14.361425758514024
1102,13.012308264681861
1103,9.397740730837475
1104,4.405638931572646
1105,11.485372474157916
1106,6.357837365445947
1107,17.513356941078595
1108,3.680347620758652
1109,9.704056653031538
1110,10.059978908504581
1111,17.599869348560514
1112,7.513101352125
1113,15.335210178889945
1114,4.097597436262188
1115,14.54582858842872
1116,13.123371402618357
1117,18.194698243747407
1118,6.616369756212716
1119,8.936190151692806
1120,10.504289423307856
1121,26.606548267715667
1122,16.645789337235566
1123,15.25280948894093
1124,5.200818092753169
1125,20.666018713759517
1126,7.901791485165022
1127,11.738263560086088
1128,16.107054970143775
1129,16.996165793482064
1130,17.502249730266694
1131,9.60439911550425
1132,21.21170746914765
1133,12.384444169947486
1134,12.929072180536423
1135,10.439303305564541
1136,25.83273457633365
1137,12.655341683993083
1138,6.164233540730107
1139,9.45801987067941
1140,9.205404341453443
1141,8.180911773260993
1142,17.793532502687007
1143,8.909027881824434
1144,9.424365888800626
1145,14.678650385926172
1146,9.852025330149527
1147,18.712248035338533
1148,30.367689526665558
1149,8.801670479585434
1150,15.941346137416026
1151,5.860764025757619
1152,4.261374658540635
1153,13.977670436519077
1154,26.83959780435378
1155,32.11439679837665
1156,9.571095280607421
1157,9.493450700106013
1158,17.478681268571275
1159,12.692735994613088
1160,13.518982309965716
1161,4.426075582098022
1162,10.076844644627904
1163,9.122765071648242
1164,21.22288491776962
1165,10.155335757708706
1166,12.19915993697061
1167,14.698564435704025
1168,10.86529610631624
1169,5.071168850870322
1170,4.475913352893029
1171,13.24371445283867
1172,25.105505988491586
1173,21.16194342604354
1174,11.482782299630795
1175,8.324527331503571
1176,10.717326214332363
1177,13.724720456666965
1178,7.766791135967672
1179,13.295024176883764
1180,6.557093926076193
1181,9.201100573053221
1182,13.130701164863616
1183,8.214369523745319
1184,6.7151652995698985
1185,20.060186524395764
1186,10.520481665752548
1187,16.762882034933895
1188,6.937100320305489
1189,10.258122821958509
1190,13.231026390588024
1191,9.057423088515133
1192,4.021060416451073
1193,10.656897502982797
1194,6.114248501113277
1195,6.754351591747389
1196,27.037085269050458
1197,1.912232741434233
1198,8.30839031421217
1199,5.089640660807967
1200,14.821031275843957
1201,13.42757884948627
1202,19.222763094155336
1203,14.970268438498366
1204,10.820582864246951
1205,6.422756458633243
1206,14.507929772018683
1207,8.106529658879243
1208,12.382030928343164
1209,12.07184408101843
1210,3.0952653697335
1211,16.789322712212716
1212,22.009781937919907
1213,16.26310126315569
1214,17.90416137910729
1215,16.178770673375908
1216,13.337631879030138
1217,7.485070194049435
1218,11.528884797984304
1219,8.416232041713545
1220,16.154251685631277
1221,17.09029910630713
1222,11.04071865311685
1223,7.651369626588448
1224,19.89024621602939
1225,16.93310158433339
1226,11.98230770746992
1227,14.56456616352666
1228,22.948197400509745
1229,15.837400827560375
1230,19.072778640474272
1231,23.16302007603269
1232,7.551903688422492
1233,8.42332484160852
1234,7.533893149424506
1235,6.06470005725723
1236,10.05525730693106
1237,8.000274535540914
1238,9.432584853643533
1239,17.646794277677916
1240,7.54025832043159
1241,4.499344005260718
1242,16.526733184496248
1243,8.932514055909499
1244,7.896630669352445
1245,19.906528993857187
1246,14.421997706434995
1247,6.396547052717944
1248,15.156556068645422
1249,17.34429092235502
1250,7.079091047007778
1251,2.434638738020215
1252,9.839463137697928
1253,13.94136259133495
1254,21.643290688769188
1255,4.751800856312647
1256,17.06346893279258
1257,13.083916926938809
1258,21.43374108174147
1259,7.806498344487316
1260,9.459598459832517
1261,7.088560879501344
1262,9.361284233627416
1263,16.00766108087964
1264,7.835599107553782
1265,12.813092587501615
1266,11.4994553948925
1267,9.344084439737461
1268,8.685079106664794
1269,9.99652971090773
1270,14.303075099559077
1271,22.647442658675345
1272,12.023164203881958
1273,7.242210934332736
1274,4.650944988874286
1275,6.214371499595588
1276,13.530034418772011
1277,7.750828468310935
1278,19.225936703441743
1279,12.085504546549299
1280,10.562144538383098
1281,6.5761342707173025
1282,14.527922130032035
1283,11.402829960587638
1284,17.533441999970584
1285,12.257566361909586
1286,7.59941888198051
1287,5.346316432811553
1288,10.976857233623056
1289,5.944261107065126
1290,11.307878650700681
1291,8.356417975642518
1292,12.329103181829813
1293,7.003929677443018
1294,11.008401208267095
1295,12.00525259058973
1296,11.70952080102265
1297,8.499924191226594
1298,8.66418621789515
1299,15.90393994064299
1300,8.721627065876113
1301,11.110212822729448
1302,21.3878609458951
1303,3.717419780693295
1304,19.22185293754426
1305,9.703584640324973
1306,10.205754926515109
1307,15.052583879683274
1308,12.448302565309934
1309,8.657617775305342
1310,10.16587764397358
1311,9.228764994160379
1312,23.72622638878758
1313,15.975926024254804
1314,5.994202514017691
1315,17.067069469438547
1316,15.396458701681357
1317,12.500686334209593
1318,3.7877366297255977
1319,16.0352826058052
1320,9.76480129522819
1321,1.723678274856391
1322,20.796488785670743
1323,13.080019302103524
1324,11.60524751729108
1325,7.139835859253969
1326,6.129915892054552
1327,3.2714003845259976
1328,10.01023456373387
1329,27.968957004266166
1330,4.78289324587742
1331,13.347091448334563
1332,9.16044024608345
1333,10.439895240061054
1334,19.166194438356655
1335,11.07817202444154
1336,24.02171971131888
1337,15.280201378072373
1338,14.19080986965769
1339,9.67603306572516
1340,10.312424195773787
1341,20.161204600526965
1342,7.862465266732472
1343,24.192505500800053
1344,24.12988061801451
1345,14.383266314113285
1346,12.732033953605917
1347,30.58410834590356
1348,14.964325092693954
1349,4.436680448155634
1350,14.250057184160543
1351,5.361313344429339
1352,7.454955846656508
1353,11.443658765501397
1354,11.369446633042074
1355,11.193975622943476
1356,9.352203832428524
1357,22.15316447361395
1358,11.360582080264221
1359,12.339640085414905
1360,10.21020954133623
1361,18.73804096100563
1362,21.299572247513364
1363,12.369636565084132
1364,12.750886795553502
1365,9.177068604063946
1366,11.729864366220877
1367,14.19940942995472
1368,13.129676641456903
1369,8.592235792635552
1370,8.647961865282285
1371,10.294203611272644
1372,8.541715706410985
1373,10.067545057403398
1374,13.067638734345898
1375,4.690514738221372
1376,9.422932072335868
1377,6.2440459240592725
1378,16.666537579722522
1379,5.507331145702988
1380,22.128048020888876
1381,9.631785144782807
1382,10.536912348218952
1383,15.072665058739435
1384,21.072786081315115
1385,8.289168514387539
1386,10.269259907461688
1387,9.349359506838551
1388,19.63852278710467
1389,19.819695246586292
1390,5.063532474250813
1391,20.02630971801797
1392,18.311797549955543
1393,3.19389866152443
1394,15.939054493385402
1395,6.274842488073
1396,6.674555684103388
1397,12.492151487559445
1398,18.326052867743382
1399,8.149940921730359
1400,10.457932949689276
1401,13.245781869129726
1402,7.508823483007663
1403,2.8300406872084682
1404,7.44825618089537
1405,4.1002697493130995
1406,5.627209888200844
1407,17.28622322817697
1408,4.970116140992534
1409,21.054875802582362
1410,6.03811366984557
1411,18.04332649225222
1412,21.895776380842307
1413,11.676342514764645
1414,7.48812737595455
1415,7.939327574542607
1416,28.41570231560854
1417,2.367430685796666
1418,29.61466821299406
1419,15.074031114984468
1420,6.58262306608497
1421,7.583717469737158
1422,18.94260005237382
1423,3.576715830790314
1424,3.1468401288886128
1425,4.511574548937753
1426,11.324934400143656
1427,15.195588204403082
1428,6.226554037875307
1429,19.319325844703002
1430,20.510398765817285
1431,15.885395439975344
1432,8.325014518278383
1433,8.097786700663223
1434,16.87007166974225
1435,10.086911039434126
1436,39.701443451628236
1437,17.0838741743233
1438,9.978244429275449
1439,6.32001138672312
1440,11.733487860308834
1441,6.265341026641069
1442,3.1335324940590876
1443,1.482015568864826
1444,6.794476084299117
1445,10.623448513428563
1446,9.458790293293854
1447,6.584142033849937
1448,11.079925666098065
1449,14.783822714988748
1450,6.371357122403888
1451,11.172538244434818
1452,14.174370976246616
1453,11.981512952057473
1454,16.43382462500849
1455,18.240890126735813
1456,16.52339756141842
1457,8.233746109772305
1458,28.63411160662882
1459,5.768805493763651
1460,18.640393690619405
1461,9.57692918781293
1462,7.83507572205133
1463,7.163140122077739
1464,11.961154582183514
1465,5.922522401337206
1466,11.219933481644691
1467,13.321240973475675
1468,8.674610226451225
1469,16.470654005131465
1470,14.86412458761982
1471,13.49239923640697
1472,2.106493595752398
1473,8.216745534522126
1474,28.079213552431966
1475,11.041437249757266
1476,4.737875349170789
1477,19.498145428954317
1478,2.2771773494603407
1479,18.06230704239108
1480,21.65326742812831
1481,9.279770297699935
1482,26.875201421305626
1483,7.411300522069123
1484,13.169749881051754
1485,5.210750679912606
1486,7.067557195784105
1487,11.943766949973826
1488,20.02152307047807
1489,7.394103842269875
1490,5.792762804590628
1491,7.361934844272481
1492,15.874232404064129
1493,13.462744185094152
1494,23.84005542044883
1495,10.758868472809015
1496,12.392426224193134
1497,5.244655042592093
1498,6.772004217029987
1499,7.462622776899398
1500,11.980940469419789
1501,12.114898950804086
1502,13.729257743279831
1503,8.074566388195358
1504,16.617038990122406
1505,15.93402394554196
1506,29.595066236619513
1507,25.1228971848044
1508,7.588569586839146
1509,14.981037822995987
1510,10.478365234241188
1511,15.14221729659723
1512,8.997821314909464
1513,9.620688481426605
1514,10.227471523940249
1515,15.201149512383235
1516,13.227116496907797
1517,11.936906782375921
1518,10.434552119864446
1519,11.304265197857733
1520,7.713832704920204
1521,11.70490816838624
1522,7.840255412167624
1523,24.654416671420492
1524,5.119054678033541
1525,6.338623460948016
1526,14.056588902510914
1527,15.614147397682304
1528,6.0224882023755875
1529,12.327912306712804
1530,5.126577916298797
1531,17.502831062029365
1532,8.820468373470648
1533,2.8640793425158053
1534,3.2703240179112534
1535,13.568191970564001
1536,13.333702085050053
1537,7.799436534047983
1538,10.382426487208582
1539,23.092769566878495
1540,11.591830115801422
1541,4.987390627717302
1542,15.703132879476396
1543,20.841847309994805
1544,10.433192419109616
1545,8.594641567958796
1546,14.146348999325141
1547,11.762107940895392
1548,11.86987203444447
1549,17.675155723102726
1550,5.689362938466603
1551,20.135687026573045
1552,15.58300460788875
1553,2.9512400637728646
1554,9.600381197159926
1555,30.21077848550288
1556,14.046409394426973
1557,8.912264715109442
1558,13.717665780550167
1559,6.708356371384266
1560,3.3290336915567353
1561,15.818116552393771
1562,11.897284116610455
1563,12.065213266691615
1564,21.59702893541629
1565,4.931039717430522
1566,11.950459678164705
1567,9.838529280951391
1568,26.868115574076782
1569,17.61980549099969
1570,6.024677786189984
1571,6.150249223267244
1572,5.806539088072808
1573,11.508610612993305
1574,5.458645286794709
1575,2.5943164059252535
1576,7.0289539151262135
1577,15.109348866070249
1578,3.597024098961663
1579,11.81180008591993
1580,9.406721797171283
1581,10.52671321507838
1582,11.173598810368883
1583,16.759127593773623
1584,3.3476519262083917
1585,9.145583087327013
1586,12.345893204730547
1587,6.6470505706653285
1588,9.817656867168358
1589,7.024836203122805
1590,12.121373347939702
1591,19.49598262921463
1592,6.546899263861902
1593,20.91067073957313
1594,9.628556748022367
1595,11.193407795460834
1596,10.234566498752805
1597,4.309393049999147
1598,15.78706867245377
1599,17.034615022078448
1600,18.82247469656776
1601,7.850353208960263
1602,20.15099967988946
1603,11.681329560258295
1604,9.121879911813854
1605,8.258398775843641
1606,17.230984860689382
1607,10.00851257659694
1608,9.580532416102393
1609,10.220931087498869
1610,12.774612309913106
1611,2.361823223007865
1612,14.306359944303455
1613,14.124394854234193
1614,12.141234799303032
1615,12.29233168486748
1616,10.605354174175377
1617,8.56970493672964
1618,12.45337745090459
1619,5.397886689023321
1620,10.798288369613577
1621,43.244967602262726
1622,21.95707338910895
1623,14.343456980237669
1624,6.419759247671787
1625,10.481817099485955
1626,5.658232514811179
1627,8.786129580684097
1628,7.035640182271379
1629,13.77288568683566
1630,5.378144540113632
1631,10.814847785252596
1632,7.888695290920397
1633,11.14281456103847
1634,7.07286322632144
1635,8.655927590198603
1636,10.237596427594017
1637,8.89858031239876
1638,14.6292807976306
1639,9.692903942983913
1640,12.15202413569209
1641,17.517837063565423
1642,13.142309198426045
1643,16.948445480632888
1644,7.7538427259581555
1645,16.978443409417174
1646,13.312669857144716
1647,15.778180981916538
1648,7.2251092037784215
1649,16.916527729570362
1650,7.351995641086145
1651,14.586401095917237
1652,8.647301683915979
1653,8.623504575332435
1654,9.172449303663177
1655,18.572876739543364
1656,9.408460201006882
1657,4.1021807176197544
1658,14.831802985939603
1659,27.213037664677376
1660,8.058836995828944
1661,11.055994636032992
1662,13.62526353135359
1663,14.089012499607984
1664,7.8831093707249025
1665,7.567613581097916
1666,5.376185363981966
1667,11.106223595659502
1668,12.798798033656283
1669,7.4946704374431246
1670,17.387399464235962
1671,4.789838817755008
1672,2.4322955867330736
1673,9.466887206438852
1674,13.964669194095954
1675,5.908281005172306
1676,6.140899934456241
1677,7.508286584588105
1678,7.433633394961545
1679,9.237532478548154
1680,5.570040962331197
1681,3.12060764246411
1682,16.440614589550968
1683,14.096266170981913
1684,17.69371058519224
1685,8.253023047150034
1686,9.386019122180654
1687,5.437395225636454
1688,6.691150539481249
1689,11.685808649455293
1690,8.7738337734559515
1691,13.128055953987799
1692,11.886101965516662
1693,13.80834106933614
1694,11.37033816327958
1695,12.358810823311135
1696,8.339665177729444
1697,15.358434641327296
1698,16.164790804863575
1699,5.5149622240662755
1700,6.051673289356312
1701,12.351036160898708
1702,10.33409154990627
1703,14.831896070248913
1704,5.60338178205556
1705,13.091961344824199
1706,13.94931753821685
1707,12.7192601140333
1708,6.3021405876492835
1709,5.616436403917878
1710,9.529771525520731
1711,2.316084821700811
1712,6.083932726762448
1713,6.75531274142811
1714,6.878720929679911
1715,6.299018157242952
1716,9.369208818139748
1717,9.470302064351657
1718,17.80811422823675
1719,20.166408822387492
1720,7.441926175747093
1721,14.436328167431586
1722,14.504839349335569
1723,3.009236975416913
1724,21.791076838426957
1725,12.684420962700806
1726,10.96078882241946
1727,17.34823430398933
1728,4.419492113246956
1729,9.028735042481799
1730,2.871948032957433
1731,11.69874809746912
1732,9.4855861471445575
1733,3.7610066437990004
1734,6.595524792994367
1735,7.649877492002078
1736,20.42739603249578
1737,8.104457825608398
1738,18.707066211219612
1739,8.378060204610993
1740,15.321200536073158
1741,4.732271192243017
1742,16.53179195629166
1743,11.32406129564083
1744,8.969948689990552
1745,15.581860515206817
1746,5.769983440186994
1747,3.499487701493166
1748,13.525145509341492
1749,15.662091209721979
1750,12.469554079931207
1751,5.396987233707445
1752,17.02331045045599
1753,9.14354798145303
1754,13.822769206492703
1755,18.24323150046279
1756,12.437473767170673
1757,10.140275202686755
1758,16.626027777713563
1759,12.540815702691862
1760,11.454554420849796
1761,4.6644539762605755
1762,9.52489021023105
1763,7.297842736436232
1764,7.7074802042884025
1765,24.329547263541045
1766,18.552039359372053
1767,8.359062751512647
1768,6.753324883333661
1769,13.044053128695264
1770,10.004436333143802
1771,2.4916918193985245
1772,6.329763442381095
1773,5.16750024229557
1774,21.791983034455992
1775,13.260094986701906
1776,9.956890231063097
1777,8.67424638151229
1778,21.31568261297706
1779,7.837213950234037
1780,18.439296578759652
1781,19.210519783665543
1782,11.293629380860608
1783,13.09160545627125
1784,24.835803386045537
1785,14.307993899711157
1786,9.897616940341738
1787,9.347860686980837
1788,3.3261584051239215
1789,13.413245176253145
1790,15.735001257089028
1791,25.346705074925588
1792,15.304338395823484
1793,24.153506249054857
1794,18.178979315991157
1795,7.823825656726986
1796,9.479238075992335
1797,11.806010055385698
1798,6.603839519338963
1799,7.1744130066931575
1800,8.94348458904662
1801,10.218880001959533
1802,20.040293473996794
1803,19.677506627231907
1804,15.968767674580645
1805,7.963475773272762
1806,4.9436425578545204
1807,8.31647279257237
1808,9.767742855458657
1809,25.416362091553378
1810,4.741599685610719
1811,6.4176408643457705
1812,11.052189318927132
1813,4.003207302052342
1814,4.635941716746749
1815,5.540381445783329
1816,12.43892146777826
1817,8.777267340573072
1818,11.720690794397226
1819,5.9913347080208155
1820,9.3937947437054
1821,10.866858229582338
1822,14.483172326286525
1823,5.2459529695041525
1824,4.692862299171175
1825,9.76822176969218
1826,31.46235048632805
1827,11.025934123188446
1828,10.840895227094189
1829,10.129837128331536
1830,13.632797787437601
1831,22.485751639847834
1832,10.735384891195697
1833,7.6969088574341935
1834,15.415941456637535
1835,19.406936094754897
1836,6.963732200190971
1837,12.198949117227704
1838,25.163657744115653
1839,22.324772803842222
1840,10.163816207506155
1841,21.091287613629607
1842,9.356223311041811
1843,14.318889398825064
1844,9.280587337797584
1845,13.48080656255782
1846,9.94664882692211
1847,7.802604166159252
1848,17.163139431982135
1849,3.63547743083206
1850,11.024669017418717
1851,14.75285776062778
1852,16.444752444358407
1853,15.664507321176318
1854,8.757778933106469
1855,25.138572606458478
1856,3.3212663622821337
1857,5.091274403930803
1858,8.371981531461532
1859,7.437163606364573
1860,19.057652859134464
1861,8.095195177849876
1862,11.247768900269577
1863,8.0284980593436
1864,24.79599339689846
1865,20.590583271289894
1866,9.252729342335781
1867,15.244912136741396
1868,6.491852898925614
1869,11.15321271539102
1870,7.43105149405409
1871,10.287030593631934
1872,14.973753095342126
1873,20.14394493553624
1874,9.353551526654758
1875,9.722973116351904
1876,7.716876141800945
1877,7.368368375912269
1878,10.363349198652198
1879,25.131419683154107
1880,7.956337235042213
1881,25.08763317096573
1882,14.231957867379037
1883,13.00160227841023
1884,7.898666154297984
1885,15.166218601731163
1886,12.633940285315436
1887,6.711426085740477
1888,15.391090672012755
1889,14.73879115185727
1890,18.635099530854333
1891,24.57199092700485
1892,7.185269485725685
1893,9.660021684462757
1894,8.089347314758314
1895,28.19022121327777
1896,4.296867284693107
1897,6.054367174631148
1898,16.38676006477506
1899,6.7909930657986
1900,2.41868749843566
1901,10.908570760593701
1902,10.610209935721409
1903,16.85941100422329
1904,2.8281818649939963
1905,17.418466216999704
1906,1.4035403611817614
1907,9.755790745565614
1908,8.655252101107553
1909,10.212844795306545
1910,19.191628966401662
1911,13.714227373095198
1912,13.454947620569046
1913,2.075835812942253
1914,15.514613453854146
1915,7.321480944651562
1916,5.748070596809578
1917,15.302915093033029
1918,19.735025422952937
1919,5.3789914458455375
1920,8.293889157895014
1921,15.595645708677555
1922,11.76030588421499
1923,15.94014434789132
1924,10.622034155490903
1925,17.692006478420765
1926,8.616413319194434
1927,6.873053248913017
1928,15.770225745125737
1929,7.303677977272869
1930,16.39657723909453
1931,7.230633717124865
1932,8.00647347570046
1933,10.423205091008876
1934,8.607362811460353
1935,13.899250013597284
1936,13.67372571085918
1937,13.008518449748179
1938,7.417764727014896
1939,7.127287499005883
1940,8.095197812105623
1941,6.966663530779564
1942,4.832249738171164
1943,24.64958904079947
1944,2.5995490865440685
1945,18.411742546576956
1946,7.3489815282572515
1947,14.773508554540992
1948,18.53713588365852
1949,18.23046544151562
1950,8.094054716850058
1951,4.836641828138342
1952,17.662112497981532
1953,14.259805309277098
1954,7.916860811431439
1955,3.0808241656542625
1956,15.771431542929271
1957,18.197553252742644
1958,9.763084515400717
1959,7.462663522028482
1960,15.936173388761102
1961,7.375432623786735
1962,22.429732669228315
1963,20.67738584913827
1964,4.309818374202232
1965,12.530859055110461
1966,20.175727936434495
1967,3.826958628626432
1968,10.28866583785842
1969,17.2046237339664
1970,9.242649122652907
1971,11.05521842447805
1972,11.637830628870283
1973,9.894241857156032
1974,8.093841268631918
1975,8.536209835470764
1976,17.684911497473568
1977,8.250832931124975
1978,6.045827517467778
1979,4.6225884668129895
1980,13.474724138420779
1981,9.329908698671623
1982,14.966657933850703
1983,6.902617805500072
1984,5.826755048689642
1985,10.81633464545137
1986,13.445092022471698
1987,13.509942046210117
1988,5.332264358414656
1989,8.501875988487626
1990,12.697251216971583
1991,11.402451626412322
1992,10.938572411809396
1993,11.9952204722912
1994,12.718943190560147
1995,11.281961183810393
1996,14.49018699976435
1997,8.700059115287921
1998,9.246115544102846
1999,2.958037880944648
2000,11.319016435262178
